CREATE TABLE users
(
    id BIGINT GENERATED BY DEFAULT AS IDENTITY PRIMARY KEY,
    name VARCHAR(50),
    email VARCHAR(100),
    password VARCHAR(100)
);


CREATE TABLE projects
(
    id BIGINT GENERATED BY DEFAULT AS IDENTITY PRIMARY KEY,
    name VARCHAR(100),
    user_id BIGINT,
    CONSTRAINT fk_project_user FOREIGN KEY (user_id) REFERENCES users(id)

);

CREATE TABLE task_lists
(
    id BIGINT GENERATED BY DEFAULT AS IDENTITY PRIMARY KEY,
    title VARCHAR(25),
    project_id BIGINT,
    CONSTRAINT fk_task_lists_project FOREIGN KEY (project_id) REFERENCES projects(id)

);
CREATE TABLE tasks
(
    id BIGINT GENERATED BY DEFAULT AS IDENTITY PRIMARY KEY,
    title VARCHAR(25),
    description VARCHAR(25),
    completed BOOLEAN DEFAULT FALSE,
    date_of_creation TIMESTAMP,
    deadline TIMESTAMP,
    task_list_id BIGINT,
    CONSTRAINT fk_tasks_tasklist FOREIGN KEY (task_list_id) REFERENCES task_lists(id)
);

CREATE TABLE comments
(
    id BIGINT GENERATED BY DEFAULT AS IDENTITY PRIMARY KEY,
    content VARCHAR(100),
    date_of_creation TIMESTAMP,
    user_id BIGINT,
    CONSTRAINT fk_comments_user FOREIGN KEY (user_id) REFERENCES users(id),
    task_id BIGINT,
    CONSTRAINT fk_comments_task FOREIGN KEY (task_id) REFERENCES tasks(id)


);


-- DROP TABLE comments;
-- DROP TABLE tasks;
-- DROP TABLE task_lists;
-- DROP TABLE projects;
-- DROP TABLE users;

INSERT INTO users (id, name, email, password) VALUES (1, 'Samantha', 'tgraves@gmail.com', '%9CGkosCMn');
INSERT INTO users (id, name, email, password) VALUES (2, 'Elizabeth', 'xjones@kelley.info', 'R6C1Y#K3!j');
INSERT INTO users (id, name, email, password) VALUES (3, 'Kathy', 'wwillis@garcia-rodriguez.com', '5nEXRpba)6');
INSERT INTO users (id, name, email, password) VALUES (4, 'Nancy', 'dlee@hotmail.com', 'Y9U_Yhm%*i');
INSERT INTO users (id, name, email, password) VALUES (5, 'Ashley', 'kevinfoster@johnson.com', '*N8PWclpW!');
INSERT INTO users (id, name, email, password) VALUES (6, 'Matthew', 'nicolemaynard@hotmail.com', '45GQlPxm+m');
INSERT INTO users (id, name, email, password) VALUES (7, 'Benjamin', 'enorris@raymond.com', '1(P#z0to&l');
INSERT INTO users (id, name, email, password) VALUES (8, 'Anita', 'jodi58@yahoo.com', 'iZ6U(Ey&M^');
INSERT INTO users (id, name, email, password) VALUES (9, 'Russell', 'fwilliams@allen.com', 'WaAacLxi%9');
INSERT INTO users (id, name, email, password) VALUES (10, 'Jennifer', 'simmonsmarilyn@hotmail.com', 'o%8Wi)AgyV');
INSERT INTO users (id, name, email, password) VALUES (11, 'Bobby', 'williammelendez@hotmail.com', '5QH*I@ce+0');
INSERT INTO users (id, name, email, password) VALUES (12, 'Joshua', 'jgarrison@yahoo.com', 'h8)j0Cu&_8');
INSERT INTO users (id, name, email, password) VALUES (13, 'George', 'wwiggins@grant.com', '%Nr3MtKp$&');
INSERT INTO users (id, name, email, password) VALUES (14, 'Susan', 'murphypatrick@yahoo.com', 'q4FN1Eryg%');
INSERT INTO users (id, name, email, password) VALUES (15, 'David', 'sean01@ruiz-cox.info', 'XD9^es9oo@');
INSERT INTO users (id, name, email, password) VALUES (16, 'John', 'pferguson@yahoo.com', 'rG1Z0awg2)');
INSERT INTO users (id, name, email, password) VALUES (17, 'Catherine', 'nlynn@rivera-watkins.biz', 'm)T3J^uhAq');
INSERT INTO users (id, name, email, password) VALUES (18, 'Brian', 'jeremiahphillips@ramirez-smith.com', 'L$4C1YOcxr');
INSERT INTO users (id, name, email, password) VALUES (19, 'Harold', 'wblair@hotmail.com', ')1OFwEQyQo');
INSERT INTO users (id, name, email, password) VALUES (20, 'Dawn', 'debra05@yahoo.com', 'M7I0!A$s$q');
INSERT INTO projects (id, name, user_id) VALUES (1, 'Miller LLC', 2);
INSERT INTO projects (id, name, user_id) VALUES (2, 'Abbott, Peterson and Wallace', 3);
INSERT INTO projects (id, name, user_id) VALUES (3, 'Payne-Wilson', 3);
INSERT INTO projects (id, name, user_id) VALUES (4, 'Gonzalez PLC', 5);
INSERT INTO projects (id, name, user_id) VALUES (5, 'Wilson-Conner', 8);
INSERT INTO projects (id, name, user_id) VALUES (6, 'Schultz Group', 9);
INSERT INTO projects (id, name, user_id) VALUES (7, 'Cannon-Yu', 10);
INSERT INTO projects (id, name, user_id) VALUES (8, 'Le, Howard and Massey', 10);
INSERT INTO projects (id, name, user_id) VALUES (9, 'Johnson-Robertson', 11);
INSERT INTO projects (id, name, user_id) VALUES (10, 'Harrison-Martinez', 11);
INSERT INTO task_lists (id, title, project_id) VALUES (1, 'reality', 1);
INSERT INTO task_lists (id, title, project_id) VALUES (2, 'example', 1);
INSERT INTO task_lists (id, title, project_id) VALUES (3, 'skin', 2);
INSERT INTO task_lists (id, title, project_id) VALUES (4, 'consider', 3);
INSERT INTO task_lists (id, title, project_id) VALUES (5, 'but', 3);
INSERT INTO task_lists (id, title, project_id) VALUES (6, 'hand', 4);
INSERT INTO task_lists (id, title, project_id) VALUES (7, 'however', 5);
INSERT INTO task_lists (id, title, project_id) VALUES (8, 'above', 5);
INSERT INTO task_lists (id, title, project_id) VALUES (9, 'onto', 6);
INSERT INTO task_lists (id, title, project_id) VALUES (10, 'mother', 6);
INSERT INTO tasks (id, title, description, completed, date_of_creation, deadline, task_list_id) VALUES (1, 'Development PM feel through.', 'Appear turn some. Position arrive spend.', true, '2025-07-31 09:58:37', '2025-08-09 10:46:43', 8);
INSERT INTO tasks (id, title, description, completed, date_of_creation, deadline, task_list_id) VALUES (2, 'Section just reason evening exist.', 'South join return friend show name.', true, '2025-07-11 18:48:52', '2025-08-25 05:42:18', 4);
INSERT INTO tasks (id, title, description, completed, date_of_creation, deadline, task_list_id) VALUES (3, 'Happen girl left professional system.', 'Show land spring society.', false, '2025-08-03 15:20:01', '2025-09-02 13:23:44', 4);
INSERT INTO tasks (id, title, description, completed, date_of_creation, deadline, task_list_id) VALUES (4, 'Value benefit six.', 'Talk mind paper yourself exist gas recently.', true, '2025-07-12 01:23:11', '2025-08-21 19:37:24', 10);
INSERT INTO tasks (id, title, description, completed, date_of_creation, deadline, task_list_id) VALUES (5, 'Rich understand modern strong.', 'Lot measure economic land try watch thousand.', true, '2025-07-21 01:57:04', '2025-08-24 00:51:02', 2);
INSERT INTO tasks (id, title, description, completed, date_of_creation, deadline, task_list_id) VALUES (6, 'Ahead event ago.', 'Fact already political do.', true, '2025-07-19 00:31:53', '2025-08-12 17:32:48', 6);
INSERT INTO tasks (id, title, description, completed, date_of_creation, deadline, task_list_id) VALUES (7, 'Happy specific view.', 'Foot card dog.', true, '2025-07-29 17:38:53', '2025-08-15 12:27:12', 1);
INSERT INTO tasks (id, title, description, completed, date_of_creation, deadline, task_list_id) VALUES (8, 'Husband star exist fall.', 'Maybe light president.', true, '2025-07-13 20:35:01', '2025-08-27 06:49:37', 2);
INSERT INTO tasks (id, title, description, completed, date_of_creation, deadline, task_list_id) VALUES (9, 'Science official person life.', 'Republican night rise memory religious record.', true, '2025-07-11 15:32:52', '2025-08-19 04:59:01', 3);
INSERT INTO tasks (id, title, description, completed, date_of_creation, deadline, task_list_id) VALUES (10, 'When professional reveal apply.', 'Better social member enter loss.', false, '2025-08-04 00:55:52', '2025-08-21 01:40:39', 1);
INSERT INTO tasks (id, title, description, completed, date_of_creation, deadline, task_list_id) VALUES (11, 'Also dark international.', 'Individual movement forget area traditional join.', false, '2025-08-03 16:37:57', '2025-08-22 04:00:59', 7);
INSERT INTO tasks (id, title, description, completed, date_of_creation, deadline, task_list_id) VALUES (12, 'Run follow check wrong.', 'Town role executive consider executive until.', true, '2025-07-26 04:52:03', '2025-08-07 14:14:57', 8);
INSERT INTO tasks (id, title, description, completed, date_of_creation, deadline, task_list_id) VALUES (13, 'Fast when cell to.', 'Run near beyond student.', false, '2025-07-28 18:18:59', '2025-08-29 08:19:22', 9);
INSERT INTO tasks (id, title, description, completed, date_of_creation, deadline, task_list_id) VALUES (14, 'Message stay around agency defense.', 'Thank book break movement.', false, '2025-07-17 02:54:53', '2025-08-22 02:56:35', 9);
INSERT INTO tasks (id, title, description, completed, date_of_creation, deadline, task_list_id) VALUES (15, 'Team finally why.', 'Less know people point.', false, '2025-07-24 09:09:53', '2025-08-17 01:35:11', 6);
INSERT INTO tasks (id, title, description, completed, date_of_creation, deadline, task_list_id) VALUES (16, 'Others Mrs prevent.', 'Chair floor statement police.', true, '2025-07-23 12:04:45', '2025-08-10 16:23:26', 6);
INSERT INTO tasks (id, title, description, completed, date_of_creation, deadline, task_list_id) VALUES (17, 'Production natural.', 'His enjoy employee story at send.', false, '2025-07-18 05:34:34', '2025-08-14 18:27:30', 6);
INSERT INTO tasks (id, title, description, completed, date_of_creation, deadline, task_list_id) VALUES (18, 'Soon hand big.', 'Day professional free see front rest.', true, '2025-08-04 21:27:22', '2025-08-18 23:09:41', 2);
INSERT INTO tasks (id, title, description, completed, date_of_creation, deadline, task_list_id) VALUES (19, 'Rather head hour table.', 'High either their.', false, '2025-07-09 05:25:38', '2025-08-08 23:31:55', 2);
INSERT INTO tasks (id, title, description, completed, date_of_creation, deadline, task_list_id) VALUES (20, 'Strong Republican surface.', 'House follow art approach culture.', true, '2025-08-04 02:57:34', '2025-08-28 09:03:32', 7);
INSERT INTO tasks (id, title, description, completed, date_of_creation, deadline, task_list_id) VALUES (21, 'Service brother we.', 'Company true possible.', false, '2025-07-21 14:08:51', '2025-08-20 22:45:45', 10);
INSERT INTO tasks (id, title, description, completed, date_of_creation, deadline, task_list_id) VALUES (22, 'Institution garden sound within teacher.', 'Success seek amount nature.', true, '2025-07-11 12:05:44', '2025-08-27 01:28:11', 1);
INSERT INTO tasks (id, title, description, completed, date_of_creation, deadline, task_list_id) VALUES (23, 'Open president involve either.', 'Tell environment nation himself rest two.', false, '2025-07-28 19:10:10', '2025-08-20 00:23:45', 1);
INSERT INTO tasks (id, title, description, completed, date_of_creation, deadline, task_list_id) VALUES (24, 'Wife American believe.', 'Month sense wear technology production.', true, '2025-07-14 13:48:56', '2025-08-20 16:46:56', 1);
INSERT INTO tasks (id, title, description, completed, date_of_creation, deadline, task_list_id) VALUES (25, 'Black building plan.', 'Ahead lot born good in.', false, '2025-07-22 11:07:21', '2025-08-15 22:15:16', 9);
INSERT INTO tasks (id, title, description, completed, date_of_creation, deadline, task_list_id) VALUES (26, 'Available television.', 'Politics part find structure coach within who.', true, '2025-07-08 10:54:36', '2025-08-20 16:54:05', 8);
INSERT INTO tasks (id, title, description, completed, date_of_creation, deadline, task_list_id) VALUES (27, 'Development no design.', 'Accept score the place close experience medical.', true, '2025-07-26 11:37:21', '2025-08-07 16:11:24', 7);
INSERT INTO tasks (id, title, description, completed, date_of_creation, deadline, task_list_id) VALUES (28, 'Need can pretty bank.', 'Because again challenge ten expert truth several.', false, '2025-07-24 22:02:30', '2025-09-02 07:34:50', 7);
INSERT INTO tasks (id, title, description, completed, date_of_creation, deadline, task_list_id) VALUES (29, 'May catch possible point.', 'Only on training kitchen between.', false, '2025-07-10 01:39:13', '2025-08-09 19:10:25', 2);
INSERT INTO tasks (id, title, description, completed, date_of_creation, deadline, task_list_id) VALUES (30, 'Current no politics home.', 'Sell send say house.', true, '2025-07-26 07:14:27', '2025-08-12 09:08:55', 3);
INSERT INTO tasks (id, title, description, completed, date_of_creation, deadline, task_list_id) VALUES (31, 'Without phone director.', 'Hard second begin stage.', true, '2025-07-30 08:32:58', '2025-08-23 07:06:03', 7);
INSERT INTO tasks (id, title, description, completed, date_of_creation, deadline, task_list_id) VALUES (32, 'Loss read standard report writer.', 'Body adult bar card general recent activity.', true, '2025-07-20 12:23:54', '2025-08-24 15:06:08', 2);
INSERT INTO tasks (id, title, description, completed, date_of_creation, deadline, task_list_id) VALUES (33, 'Born often Mrs would.', 'Wonder job hear least form social authority.', false, '2025-07-18 17:06:44', '2025-08-06 14:53:11', 5);
INSERT INTO tasks (id, title, description, completed, date_of_creation, deadline, task_list_id) VALUES (34, 'Human stock.', 'Require will cost teacher himself offer.', true, '2025-07-10 20:26:37', '2025-09-02 08:22:56', 1);
INSERT INTO tasks (id, title, description, completed, date_of_creation, deadline, task_list_id) VALUES (35, 'Future should outside.', 'Standard eight move over speak away specific.', true, '2025-07-28 02:59:50', '2025-08-25 12:32:36', 5);
INSERT INTO tasks (id, title, description, completed, date_of_creation, deadline, task_list_id) VALUES (36, 'Ground western fight pressure nation.', 'Attention recognize sport talk another.', false, '2025-07-07 23:46:10', '2025-08-18 22:28:22', 2);
INSERT INTO tasks (id, title, description, completed, date_of_creation, deadline, task_list_id) VALUES (37, 'Just leg.', 'Buy safe just computer remember leave statement.', true, '2025-07-28 22:37:59', '2025-08-24 08:01:50', 6);
INSERT INTO tasks (id, title, description, completed, date_of_creation, deadline, task_list_id) VALUES (38, 'Success enough guy strategy.', 'More specific camera interest keep clearly.', false, '2025-07-26 21:35:47', '2025-08-13 04:52:45', 9);
INSERT INTO tasks (id, title, description, completed, date_of_creation, deadline, task_list_id) VALUES (39, 'Professor discussion main last.', 'Ever stage local similar begin people management.', false, '2025-07-29 18:48:08', '2025-08-17 17:08:53', 3);
INSERT INTO tasks (id, title, description, completed, date_of_creation, deadline, task_list_id) VALUES (40, 'Image floor concern.', 'Success page baby hospital your which.', true, '2025-08-03 16:20:34', '2025-09-01 19:57:44', 10);
INSERT INTO tasks (id, title, description, completed, date_of_creation, deadline, task_list_id) VALUES (41, 'Particularly indicate across ability.', 'Bad large east voice.', true, '2025-07-21 20:29:04', '2025-08-26 15:04:05', 1);
INSERT INTO tasks (id, title, description, completed, date_of_creation, deadline, task_list_id) VALUES (42, 'With although be.', 'Prevent while service interest born.', true, '2025-08-02 21:13:09', '2025-08-09 04:41:20', 9);
INSERT INTO tasks (id, title, description, completed, date_of_creation, deadline, task_list_id) VALUES (43, 'Theory well economy effort.', 'Story they environment three audience.', false, '2025-07-12 02:13:50', '2025-08-09 10:33:04', 10);
INSERT INTO tasks (id, title, description, completed, date_of_creation, deadline, task_list_id) VALUES (44, 'Glass state.', 'Group detail for. Religious case simply first.', true, '2025-07-18 09:34:45', '2025-08-22 05:12:58', 8);
INSERT INTO tasks (id, title, description, completed, date_of_creation, deadline, task_list_id) VALUES (45, 'Herself oil next hour.', 'Project up own TV range.', false, '2025-07-06 15:15:40', '2025-08-10 05:22:47', 4);
INSERT INTO tasks (id, title, description, completed, date_of_creation, deadline, task_list_id) VALUES (46, 'Second bad PM.', 'Beat clear door.', true, '2025-07-11 17:04:37', '2025-08-31 00:45:59', 1);
INSERT INTO tasks (id, title, description, completed, date_of_creation, deadline, task_list_id) VALUES (47, 'Least seem small.', 'Quickly create at defense near.', true, '2025-07-08 21:39:18', '2025-08-21 20:12:35', 9);
INSERT INTO tasks (id, title, description, completed, date_of_creation, deadline, task_list_id) VALUES (48, 'Note challenge four home small.', 'East save high far guess.', false, '2025-07-17 23:55:17', '2025-09-02 02:26:11', 9);
INSERT INTO tasks (id, title, description, completed, date_of_creation, deadline, task_list_id) VALUES (49, 'Drug toward professor realize over.', 'Mr than common size open threat modern result.', false, '2025-07-31 13:09:36', '2025-08-18 18:43:51', 7);
INSERT INTO tasks (id, title, description, completed, date_of_creation, deadline, task_list_id) VALUES (50, 'Risk seven position quite.', 'Off any suffer safe attention nation little.', true, '2025-07-11 07:26:56', '2025-08-07 11:21:39', 8);
INSERT INTO comments (id, content, date_of_creation, user_id, task_id) VALUES (1, 'Concern fight adult history line these law.', '2025-08-01 18:18:35', 17, 1);
INSERT INTO comments (id, content, date_of_creation, user_id, task_id) VALUES (2, 'Officer either yeah see.', '2025-08-05 05:07:01', 14, 1);
INSERT INTO comments (id, content, date_of_creation, user_id, task_id) VALUES (3, 'Now by house culture meet matter.', '2025-08-03 11:59:58', 18, 2);
INSERT INTO comments (id, content, date_of_creation, user_id, task_id) VALUES (4, 'I sure down.', '2025-07-30 00:25:44', 6, 3);
INSERT INTO comments (id, content, date_of_creation, user_id, task_id) VALUES (5, 'Rule discuss difference over western scientist economy begin.', '2025-08-04 21:22:04', 20, 4);
INSERT INTO comments (id, content, date_of_creation, user_id, task_id) VALUES (6, 'Anyone tend long specific clearly.', '2025-08-01 07:26:44', 4, 4);
INSERT INTO comments (id, content, date_of_creation, user_id, task_id) VALUES (7, 'Short evening middle second.', '2025-07-30 13:11:26', 11, 5);
INSERT INTO comments (id, content, date_of_creation, user_id, task_id) VALUES (8, 'Outside course line candidate any great.', '2025-08-03 02:01:26', 14, 5);
INSERT INTO comments (id, content, date_of_creation, user_id, task_id) VALUES (9, 'Lot focus note reason success process baby.', '2025-08-05 11:27:13', 6, 7);
INSERT INTO comments (id, content, date_of_creation, user_id, task_id) VALUES (10, 'Office miss PM.', '2025-08-05 09:43:43', 20, 7);
INSERT INTO comments (id, content, date_of_creation, user_id, task_id) VALUES (11, 'Notice since area cell animal second.', '2025-08-02 14:31:37', 18, 8);
INSERT INTO comments (id, content, date_of_creation, user_id, task_id) VALUES (12, 'Foreign various people instead again prevent own.', '2025-07-28 20:51:22', 14, 9);
INSERT INTO comments (id, content, date_of_creation, user_id, task_id) VALUES (13, 'Nothing within inside city full.', '2025-07-27 16:23:44', 2, 11);
INSERT INTO comments (id, content, date_of_creation, user_id, task_id) VALUES (14, 'Job often according pick.', '2025-08-04 04:03:18', 18, 12);
INSERT INTO comments (id, content, date_of_creation, user_id, task_id) VALUES (15, 'Church charge win church pretty play manage.', '2025-08-01 19:17:04', 10, 12);
INSERT INTO comments (id, content, date_of_creation, user_id, task_id) VALUES (16, 'Red someone use building majority should learn someone.', '2025-07-26 20:47:31', 20, 13);
INSERT INTO comments (id, content, date_of_creation, user_id, task_id) VALUES (17, 'Table recognize tonight.', '2025-07-28 11:42:27', 15, 15);
INSERT INTO comments (id, content, date_of_creation, user_id, task_id) VALUES (18, 'Economic act sign hear arrive.', '2025-08-03 06:30:05', 2, 16);
INSERT INTO comments (id, content, date_of_creation, user_id, task_id) VALUES (19, 'Two may fill need.', '2025-07-30 15:18:28', 15, 16);
INSERT INTO comments (id, content, date_of_creation, user_id, task_id) VALUES (20, 'Different leave across research reflect sister.', '2025-07-30 06:31:24', 14, 18);
INSERT INTO comments (id, content, date_of_creation, user_id, task_id) VALUES (21, 'Wish new always clear data hour.', '2025-07-31 03:19:30', 20, 18);
INSERT INTO comments (id, content, date_of_creation, user_id, task_id) VALUES (22, 'Series exist administration million.', '2025-07-31 17:31:07', 4, 19);
INSERT INTO comments (id, content, date_of_creation, user_id, task_id) VALUES (23, 'Smile treat wish second meet activity good.', '2025-07-27 12:19:42', 15, 19);
INSERT INTO comments (id, content, date_of_creation, user_id, task_id) VALUES (24, 'Quickly between board again often turn.', '2025-07-30 01:44:17', 20, 20);
INSERT INTO comments (id, content, date_of_creation, user_id, task_id) VALUES (25, 'Simple truth into listen remember citizen.', '2025-08-04 01:24:19', 8, 20);
INSERT INTO comments (id, content, date_of_creation, user_id, task_id) VALUES (26, 'Difference bar key.', '2025-08-03 03:05:19', 13, 21);
INSERT INTO comments (id, content, date_of_creation, user_id, task_id) VALUES (27, 'Number part own figure those consider.', '2025-07-28 13:00:09', 20, 22);
INSERT INTO comments (id, content, date_of_creation, user_id, task_id) VALUES (28, 'Policy hotel effort race figure receive.', '2025-07-27 14:25:36', 1, 22);
INSERT INTO comments (id, content, date_of_creation, user_id, task_id) VALUES (29, 'Within bed teacher approach painting here face.', '2025-07-31 00:40:59', 6, 23);
INSERT INTO comments (id, content, date_of_creation, user_id, task_id) VALUES (30, 'Money budget partner response fish.', '2025-08-04 14:44:18', 11, 25);
INSERT INTO comments (id, content, date_of_creation, user_id, task_id) VALUES (31, 'Poor information collection hour.', '2025-08-03 18:05:03', 20, 25);
INSERT INTO comments (id, content, date_of_creation, user_id, task_id) VALUES (32, 'Truth owner Democrat customer sort single notice.', '2025-08-01 20:06:47', 10, 26);
INSERT INTO comments (id, content, date_of_creation, user_id, task_id) VALUES (33, 'Probably have environmental nor face number miss.', '2025-07-27 18:43:02', 11, 27);
INSERT INTO comments (id, content, date_of_creation, user_id, task_id) VALUES (34, 'Across north home.', '2025-07-28 20:30:35', 4, 27);
INSERT INTO comments (id, content, date_of_creation, user_id, task_id) VALUES (35, 'Skill radio child much similar movement general.', '2025-08-05 03:06:24', 16, 28);
INSERT INTO comments (id, content, date_of_creation, user_id, task_id) VALUES (36, 'Mother response meet break sign author him argue.', '2025-07-29 17:24:14', 7, 29);
INSERT INTO comments (id, content, date_of_creation, user_id, task_id) VALUES (37, 'Create its too significant five sell.', '2025-07-26 20:02:31', 2, 29);
INSERT INTO comments (id, content, date_of_creation, user_id, task_id) VALUES (38, 'Case almost sound form wife.', '2025-08-02 15:40:16', 5, 30);
INSERT INTO comments (id, content, date_of_creation, user_id, task_id) VALUES (39, 'Include policy democratic first collection listen blood.', '2025-08-05 08:01:38', 12, 32);
INSERT INTO comments (id, content, date_of_creation, user_id, task_id) VALUES (40, 'Help grow election result full throughout.', '2025-07-29 00:50:03', 4, 32);
INSERT INTO comments (id, content, date_of_creation, user_id, task_id) VALUES (41, 'The still form suggest.', '2025-08-01 06:58:31', 8, 35);
INSERT INTO comments (id, content, date_of_creation, user_id, task_id) VALUES (42, 'Under happy room staff space treatment.', '2025-07-28 08:52:56', 19, 37);
INSERT INTO comments (id, content, date_of_creation, user_id, task_id) VALUES (43, 'Tv top increase light white individual my.', '2025-07-28 03:52:09', 3, 38);
INSERT INTO comments (id, content, date_of_creation, user_id, task_id) VALUES (44, 'Pressure three soon reason improve once consumer picture.', '2025-08-04 04:51:31', 10, 38);
INSERT INTO comments (id, content, date_of_creation, user_id, task_id) VALUES (45, 'Great level hotel high.', '2025-07-28 23:30:37', 19, 39);
INSERT INTO comments (id, content, date_of_creation, user_id, task_id) VALUES (46, 'Truth cell cold public region.', '2025-07-27 12:51:04', 14, 39);
INSERT INTO comments (id, content, date_of_creation, user_id, task_id) VALUES (47, 'Laugh draw campaign never.', '2025-07-31 23:05:50', 19, 40);
INSERT INTO comments (id, content, date_of_creation, user_id, task_id) VALUES (48, 'Week remain contain live specific agreement.', '2025-08-01 08:48:51', 2, 41);
INSERT INTO comments (id, content, date_of_creation, user_id, task_id) VALUES (49, 'Send hold mention improve.', '2025-07-27 19:40:30', 11, 41);
INSERT INTO comments (id, content, date_of_creation, user_id, task_id) VALUES (50, 'Another place make fine although necessary around.', '2025-07-30 02:45:29', 12, 43);
INSERT INTO comments (id, content, date_of_creation, user_id, task_id) VALUES (51, 'Her year themselves young development certain painting.', '2025-07-31 22:59:18', 14, 44);
INSERT INTO comments (id, content, date_of_creation, user_id, task_id) VALUES (52, 'Difference kind stay again range.', '2025-07-31 13:43:03', 14, 46);
INSERT INTO comments (id, content, date_of_creation, user_id, task_id) VALUES (53, 'Heart red Republican instead hold moment.', '2025-08-03 07:53:42', 4, 46);
INSERT INTO comments (id, content, date_of_creation, user_id, task_id) VALUES (54, 'Similar foot still.', '2025-07-28 11:52:47', 3, 47);
INSERT INTO comments (id, content, date_of_creation, user_id, task_id) VALUES (55, 'Us science describe require stock.', '2025-08-01 01:54:16', 16, 48);
INSERT INTO comments (id, content, date_of_creation, user_id, task_id) VALUES (56, 'Read model Mrs check.', '2025-07-26 19:06:13', 5, 50);