CREATE TABLE users (
                       id BIGINT GENERATED BY DEFAULT AS IDENTITY PRIMARY KEY,
                       name VARCHAR(50),
                       email VARCHAR(100),
                       password VARCHAR(100)
);

CREATE TABLE projects (
                          id BIGINT GENERATED BY DEFAULT AS IDENTITY PRIMARY KEY,
                          name VARCHAR(100),
                          user_id BIGINT,
                          CONSTRAINT fk_project_user FOREIGN KEY (user_id) REFERENCES users(id) ON DELETE CASCADE
);

CREATE TABLE task_lists (
                            id BIGINT GENERATED BY DEFAULT AS IDENTITY PRIMARY KEY,
                            title VARCHAR(25),
                            project_id BIGINT,
                            CONSTRAINT fk_task_lists_project FOREIGN KEY (project_id) REFERENCES projects(id) ON DELETE CASCADE
);

CREATE TABLE tasks (
                       id BIGINT GENERATED BY DEFAULT AS IDENTITY PRIMARY KEY,
                       title VARCHAR(50),
                       description VARCHAR(100),
                       completed BOOLEAN DEFAULT FALSE,
                       date_of_creation TIMESTAMP,
                       deadline TIMESTAMP,
                       task_list_id BIGINT,
                       CONSTRAINT fk_tasks_tasklist FOREIGN KEY (task_list_id) REFERENCES task_lists(id) ON DELETE CASCADE
);

CREATE TABLE comments (
                          id BIGINT GENERATED BY DEFAULT AS IDENTITY PRIMARY KEY,
                          content VARCHAR(100),
                          date_of_creation TIMESTAMP,
                          user_id BIGINT,
                          task_id BIGINT,
                          CONSTRAINT fk_comments_user FOREIGN KEY (user_id) REFERENCES users(id) ON DELETE CASCADE,
                          CONSTRAINT fk_comments_task FOREIGN KEY (task_id) REFERENCES tasks(id) ON DELETE CASCADE
);

--  DROP TABLE comments;
--  DROP TABLE tasks;
--  DROP TABLE task_lists;
--  DROP TABLE projects;
--  DROP TABLE users;

INSERT INTO users (id, name, email, password) VALUES (1, 'Samantha', 'tgraves@gmail.com', '%9CGkosCMn');
INSERT INTO users (id, name, email, password) VALUES (2, 'Elizabeth', 'xjones@kelley.info', 'R6C1Y#K3!j');
INSERT INTO users (id, name, email, password) VALUES (3, 'Kathy', 'wwillis@garcia-rodriguez.com', '5nEXRpba)6');
INSERT INTO users (id, name, email, password) VALUES (4, 'Nancy', 'dlee@hotmail.com', 'Y9U_Yhm%*i');
INSERT INTO users (id, name, email, password) VALUES (5, 'Ashley', 'kevinfoster@johnson.com', '*N8PWclpW!');
INSERT INTO users (id, name, email, password) VALUES (6, 'Matthew', 'nicolemaynard@hotmail.com', '45GQlPxm+m');
INSERT INTO users (id, name, email, password) VALUES (7, 'Benjamin', 'enorris@raymond.com', '1(P#z0to&l');
INSERT INTO users (id, name, email, password) VALUES (8, 'Anita', 'jodi58@yahoo.com', 'iZ6U(Ey&M^');
INSERT INTO users (id, name, email, password) VALUES (9, 'Russell', 'fwilliams@allen.com', 'WaAacLxi%9');
INSERT INTO users (id, name, email, password) VALUES (10, 'Jennifer', 'simmonsmarilyn@hotmail.com', 'o%8Wi)AgyV');
INSERT INTO users (id, name, email, password) VALUES (11, 'Bobby', 'williammelendez@hotmail.com', '5QH*I@ce+0');
INSERT INTO users (id, name, email, password) VALUES (12, 'Joshua', 'jgarrison@yahoo.com', 'h8)j0Cu&_8');
INSERT INTO users (id, name, email, password) VALUES (13, 'George', 'wwiggins@grant.com', '%Nr3MtKp$&');
INSERT INTO users (id, name, email, password) VALUES (14, 'Susan', 'murphypatrick@yahoo.com', 'q4FN1Eryg%');
INSERT INTO users (id, name, email, password) VALUES (15, 'David', 'sean01@ruiz-cox.info', 'XD9^es9oo@');
INSERT INTO users (id, name, email, password) VALUES (16, 'John', 'pferguson@yahoo.com', 'rG1Z0awg2)');
INSERT INTO users (id, name, email, password) VALUES (17, 'Catherine', 'nlynn@rivera-watkins.biz', 'm)T3J^uhAq');
INSERT INTO users (id, name, email, password) VALUES (18, 'Brian', 'jeremiahphillips@ramirez-smith.com', 'L$4C1YOcxr');
INSERT INTO users (id, name, email, password) VALUES (19, 'Harold', 'wblair@hotmail.com', ')1OFwEQyQo');
INSERT INTO users (id, name, email, password) VALUES (20, 'Dawn', 'debra05@yahoo.com', 'M7I0!A$s$q');

-- Insert projects
INSERT INTO projects (id, name, user_id) VALUES (1, 'Miller LLC', 2);
INSERT INTO projects (id, name, user_id) VALUES (2, 'Abbott, Peterson and Wallace', 3);
INSERT INTO projects (id, name, user_id) VALUES (3, 'Payne-Wilson', 3);
INSERT INTO projects (id, name, user_id) VALUES (4, 'Gonzalez PLC', 5);
INSERT INTO projects (id, name, user_id) VALUES (5, 'Wilson-Conner', 8);
INSERT INTO projects (id, name, user_id) VALUES (6, 'Schultz Group', 9);
INSERT INTO projects (id, name, user_id) VALUES (7, 'Cannon-Yu', 10);
INSERT INTO projects (id, name, user_id) VALUES (8, 'Le, Howard and Massey', 10);
INSERT INTO projects (id, name, user_id) VALUES (9, 'Johnson-Robertson', 11);
INSERT INTO projects (id, name, user_id) VALUES (10, 'Harrison-Martinez', 11);

-- Insert task_lists
INSERT INTO task_lists (id, title, project_id) VALUES (1, 'reality', 1);
INSERT INTO task_lists (id, title, project_id) VALUES (2, 'example', 2);
INSERT INTO task_lists (id, title, project_id) VALUES (3, 'skin', 3);
INSERT INTO task_lists (id, title, project_id) VALUES (4, 'consider', 4);
INSERT INTO task_lists (id, title, project_id) VALUES (5, 'but', 5);
INSERT INTO task_lists (id, title, project_id) VALUES (6, 'hand', 6);
INSERT INTO task_lists (id, title, project_id) VALUES (7, 'however', 7);
INSERT INTO task_lists (id, title, project_id) VALUES (8, 'above', 8);
INSERT INTO task_lists (id, title, project_id) VALUES (9, 'onto', 9);
INSERT INTO task_lists (id, title, project_id) VALUES (10, 'mother', 10);

-- Insert tasks (partial, add all from user data)
INSERT INTO tasks (id, title, description, completed, date_of_creation, deadline, task_list_id) VALUES (1, 'Development PM feel through.', 'Appear turn some. Position arrive spend.', TRUE, '2025-07-31 09:58:37', '2025-08-09 10:46:43', 8);
INSERT INTO tasks (id, title, description, completed, date_of_creation, deadline, task_list_id) VALUES (2, 'Section just reason evening exist.', 'South join return friend show name.', TRUE, '2025-07-11 18:48:52', '2025-08-25 05:42:18', 4);
INSERT INTO tasks (id, title, description, completed, date_of_creation, deadline, task_list_id) VALUES (3, 'Happen girl left professional system.', 'Show land spring society.', FALSE, '2025-08-03 15:20:01', '2025-09-02 13:23:44', 4);
INSERT INTO tasks (id, title, description, completed, date_of_creation, deadline, task_list_id) VALUES (4, 'Value benefit six.', 'Talk mind paper yourself exist gas recently.', TRUE, '2025-07-12 01:23:11', '2025-08-21 19:37:24', 10);
INSERT INTO tasks (id, title, description, completed, date_of_creation, deadline, task_list_id) VALUES (5, 'Rich understand modern strong.', 'Lot measure economic land try watch thousand.', TRUE, '2025-07-21 01:57:04', '2025-08-24 00:51:02', 2);
INSERT INTO tasks (id, title, description, completed, date_of_creation, deadline, task_list_id) VALUES (6, 'Room others grow fly onto.', 'Coach data already charge public star figure perhaps.', false, '2025-07-28 03:24:49', '2025-08-26 03:24:49', 2);
INSERT INTO tasks (id, title, description, completed, date_of_creation, deadline, task_list_id) VALUES (7, 'None assume store choose.', 'There play customer under she response sort day head.', true, '2025-08-03 02:34:01', '2025-08-23 02:34:01', 7);
INSERT INTO tasks (id, title, description, completed, date_of_creation, deadline, task_list_id) VALUES (8, 'Quite concern play seek staff.', 'Star class most among true.', false, '2025-07-29 22:43:58', '2025-08-15 22:43:58', 9);
INSERT INTO tasks (id, title, description, completed, date_of_creation, deadline, task_list_id) VALUES (9, 'Social have economy.', 'Hotel finally investment truth easy fall sort today establish many white.', true, '2025-07-15 10:28:08', '2025-07-26 10:28:08', 5);
INSERT INTO tasks (id, title, description, completed, date_of_creation, deadline, task_list_id) VALUES (10, 'Audience always address.', 'Same far then hair hour by right that.', false, '2025-07-26 02:46:17', '2025-08-23 02:46:17', 2);
INSERT INTO tasks (id, title, description, completed, date_of_creation, deadline, task_list_id) VALUES (11, 'Movie we senior.', 'Line describe task like television impact.', true, '2025-07-27 08:24:06', '2025-08-23 08:24:06', 4);
INSERT INTO tasks (id, title, description, completed, date_of_creation, deadline, task_list_id) VALUES (12, 'Difference change many guy person.', 'Also enjoy claim free allow sit similar huge public.', false, '2025-07-23 14:52:33', '2025-08-09 14:52:33', 6);
INSERT INTO tasks (id, title, description, completed, date_of_creation, deadline, task_list_id) VALUES (13, 'Prevent base never red big.', 'About professor kitchen may remember thank magazine blood fine.', true, '2025-07-30 21:10:43', '2025-08-07 21:10:43', 6);
INSERT INTO tasks (id, title, description, completed, date_of_creation, deadline, task_list_id) VALUES (14, 'About up air special two.', 'Argue message mean bring PM machine look range rule anything.', false, '2025-08-04 04:43:49', '2025-08-21 04:43:49', 1);
INSERT INTO tasks (id, title, description, completed, date_of_creation, deadline, task_list_id) VALUES (15, 'Hotel which political safe.', 'Note reveal billion bit collection apply throughout.', true, '2025-07-17 14:03:24', '2025-08-05 14:03:24', 1);
INSERT INTO tasks (id, title, description, completed, date_of_creation, deadline, task_list_id) VALUES (16, 'Bank another professional smile culture.', 'Key surface yet rich PM as hot beyond author.', true, '2025-07-13 05:00:50', '2025-08-05 05:00:50', 9);
INSERT INTO tasks (id, title, description, completed, date_of_creation, deadline, task_list_id) VALUES (17, 'Change dinner class deal do mother.', 'Behavior because assume establish someone protect cause high activity.', true, '2025-07-30 00:50:12', '2025-08-23 00:50:12', 7);
INSERT INTO tasks (id, title, description, completed, date_of_creation, deadline, task_list_id) VALUES (18, 'Art toward unit.', 'Imagine another chance show newspaper.', true, '2025-07-26 21:54:59', '2025-08-08 21:54:59', 8);
INSERT INTO tasks (id, title, description, completed, date_of_creation, deadline, task_list_id) VALUES (19, 'Become performance but season want.', 'Sometimes foot agency where eight involve final anything eye share environment.', true, '2025-07-31 01:21:57', '2025-08-08 01:21:57', 3);
INSERT INTO tasks (id, title, description, completed, date_of_creation, deadline, task_list_id) VALUES (20, 'Throughout describe against difficult.', 'Bank use size cup concern young would prove.', false, '2025-07-30 03:32:07', '2025-08-08 03:32:07', 2);
INSERT INTO tasks (id, title, description, completed, date_of_creation, deadline, task_list_id) VALUES (21, 'Since three air.', 'Indeed buy tonight deal energy turn control.', false, '2025-08-03 02:46:07', '2025-08-18 02:46:07', 3);
INSERT INTO tasks (id, title, description, completed, date_of_creation, deadline, task_list_id) VALUES (22, 'Plant include specific expert hundred mention.', 'Stay agreement tend over until arrive true quality.', true, '2025-07-22 09:09:30', '2025-08-19 09:09:30', 7);
INSERT INTO tasks (id, title, description, completed, date_of_creation, deadline, task_list_id) VALUES (23, 'Big bank age but.', 'Line trade worker democratic tree affect ability catch world maintain.', false, '2025-07-27 18:58:26', '2025-08-17 18:58:26', 9);
INSERT INTO tasks (id, title, description, completed, date_of_creation, deadline, task_list_id) VALUES (24, 'Grow nice expect member everyone.', 'Three important heavy your adult involve minute challenge.', true, '2025-07-29 03:58:08', '2025-08-05 03:58:08', 7);
INSERT INTO tasks (id, title, description, completed, date_of_creation, deadline, task_list_id) VALUES (25, 'Medical power wear similar.', 'Mean prove medical even call rather even hour health nice.', false, '2025-07-27 23:31:32', '2025-08-20 23:31:32', 1);
INSERT INTO tasks (id, title, description, completed, date_of_creation, deadline, task_list_id) VALUES (26, 'Both consumer make American.', 'Friend three inside cut.', true, '2025-07-25 10:32:46', '2025-08-12 10:32:46', 2);
INSERT INTO tasks (id, title, description, completed, date_of_creation, deadline, task_list_id) VALUES (27, 'Manage keep successful early.', 'Trade vote fire artist energy science understand.', false, '2025-08-02 06:13:24', '2025-08-18 06:13:24', 10);
INSERT INTO tasks (id, title, description, completed, date_of_creation, deadline, task_list_id) VALUES (28, 'Toward team general in compare bit.', 'Must him effort media same option together marriage keep want trade.', true, '2025-07-09 18:17:02', '2025-07-29 18:17:02', 5);
INSERT INTO tasks (id, title, description, completed, date_of_creation, deadline, task_list_id) VALUES (29, 'Property population entire box.', 'Room shake pass anyone box goal.', false, '2025-07-18 00:24:56', '2025-08-08 00:24:56', 4);
INSERT INTO tasks (id, title, description, completed, date_of_creation, deadline, task_list_id) VALUES (30, 'Together new loss tonight pick.', 'Quickly forget expert civil serious well must.', false, '2025-07-07 22:09:36', '2025-08-03 22:09:36', 2);
INSERT INTO tasks (id, title, description, completed, date_of_creation, deadline, task_list_id) VALUES (31, 'Appear force movement fine still.', 'Word recent push bag worker say exactly election question.', true, '2025-07-19 05:34:50', '2025-07-31 05:34:50', 4);
INSERT INTO tasks (id, title, description, completed, date_of_creation, deadline, task_list_id) VALUES (32, 'Foreign movie plant beyond.', 'Attention travel scientist care allow lay vote unit future.', true, '2025-07-23 22:31:40', '2025-08-16 22:31:40', 4);
INSERT INTO tasks (id, title, description, completed, date_of_creation, deadline, task_list_id) VALUES (33, 'Bar action instead service.', 'Heart small consider identify affect him face.', true, '2025-07-31 08:22:52', '2025-08-10 08:22:52', 1);
INSERT INTO tasks (id, title, description, completed, date_of_creation, deadline, task_list_id) VALUES (34, 'Good the population help page.', 'Effort his will beyond space too born.', false, '2025-08-01 12:04:43', '2025-08-17 12:04:43', 5);
INSERT INTO tasks (id, title, description, completed, date_of_creation, deadline, task_list_id) VALUES (35, 'Civil project cut kitchen become.', 'We without positive that bed ask treat need note.', true, '2025-08-04 07:40:10', '2025-08-24 07:40:10', 6);
INSERT INTO tasks (id, title, description, completed, date_of_creation, deadline, task_list_id) VALUES (36, 'Help PM assume.', 'On you half coach itself.', false, '2025-07-08 22:12:03', '2025-07-13 22:12:03', 9);
INSERT INTO tasks (id, title, description, completed, date_of_creation, deadline, task_list_id) VALUES (37, 'Tell green do among interview less.', 'Team building involve board season budget my bar cup.', true, '2025-08-04 14:18:54', '2025-08-23 14:18:54', 2);
INSERT INTO tasks (id, title, description, completed, date_of_creation, deadline, task_list_id) VALUES (38, 'Benefit chair strategy.', 'Forget notice carry business serve.', true, '2025-07-11 16:00:26', '2025-07-20 16:00:26', 10);
INSERT INTO tasks (id, title, description, completed, date_of_creation, deadline, task_list_id) VALUES (39, 'Actually weight support how on process.', 'Thank president upon set often.', false, '2025-07-25 15:17:48', '2025-08-17 15:17:48', 5);
INSERT INTO tasks (id, title, description, completed, date_of_creation, deadline, task_list_id) VALUES (40, 'Most three ready year together letter.', 'Ok she total reason situation pay.', true, '2025-07-17 10:47:46', '2025-07-25 10:47:46', 4);
INSERT INTO tasks (id, title, description, completed, date_of_creation, deadline, task_list_id) VALUES (41, 'Party white stage.', 'Box box spend voice off conference fast describe specific process.', true, '2025-07-26 07:34:04', '2025-08-17 07:34:04', 5);
INSERT INTO tasks (id, title, description, completed, date_of_creation, deadline, task_list_id) VALUES (42, 'Art let society air room.', 'Statement black group house executive job they feel according.', true, '2025-07-23 23:21:15', '2025-08-18 23:21:15', 8);
INSERT INTO tasks (id, title, description, completed, date_of_creation, deadline, task_list_id) VALUES (43, 'Themselves operation test boy name measure sense.', 'Security modern appear week water spring.', false, '2025-07-17 15:56:23', '2025-07-30 15:56:23', 7);
INSERT INTO tasks (id, title, description, completed, date_of_creation, deadline, task_list_id) VALUES (44, 'Summer he room speech society finally.', 'Arm yet law keep rate group.', true, '2025-07-31 05:54:40', '2025-08-29 05:54:40', 10);
INSERT INTO tasks (id, title, description, completed, date_of_creation, deadline, task_list_id) VALUES (45, 'Others agreement center drop talk.', 'Eat professional partner ability quite peace policy.', true, '2025-07-10 08:24:43', '2025-08-09 08:24:43', 2);
INSERT INTO tasks (id, title, description, completed, date_of_creation, deadline, task_list_id) VALUES (46, 'Sing true stop country grow.', 'Alone weight protect against management both responsibility.', false, '2025-08-01 00:32:00', '2025-08-30 00:32:00', 1);
INSERT INTO tasks (id, title, description, completed, date_of_creation, deadline, task_list_id) VALUES (47, 'Public mention statement.', 'Opportunity rock occur myself where picture current within.', false, '2025-07-21 00:30:34', '2025-08-12 00:30:34', 10);
INSERT INTO tasks (id, title, description, completed, date_of_creation, deadline, task_list_id) VALUES (48, 'Maintain say medical move.', 'Pattern itself southern increase media process if scene late.', false, '2025-08-02 23:56:12', '2025-08-08 23:56:12', 5);
INSERT INTO tasks (id, title, description, completed, date_of_creation, deadline, task_list_id) VALUES (49, 'National trade song ago cultural.', 'Over late order accept student system offer million production.', true, '2025-08-04 20:40:29', '2025-08-16 20:40:29', 9);
INSERT INTO tasks (id, title, description, completed, date_of_creation, deadline, task_list_id) VALUES (50, 'View throughout physical detail president.', 'Purpose well ahead business key season benefit better.', true, '2025-07-18 03:51:18', '2025-07-27 03:51:18', 3);

INSERT INTO comments (id, content, date_of_creation, user_id, task_id) VALUES (1, 'Formatting issue here.', '2025-07-31 09:00:00', 8, 21);
INSERT INTO comments (id, content, date_of_creation, user_id, task_id) VALUES (2, 'Needs improvement.', '2025-08-03 14:00:00', 10, 7);
INSERT INTO comments (id, content, date_of_creation, user_id, task_id) VALUES (3, 'Formatting issue here.', '2025-08-02 13:00:00', 8, 27);
INSERT INTO comments (id, content, date_of_creation, user_id, task_id) VALUES (4, 'This could be optimized.', '2025-08-04 13:00:00', 14, 20);
INSERT INTO comments (id, content, date_of_creation, user_id, task_id) VALUES (5, 'Very helpful!', '2025-07-29 21:00:00', 18, 33);
INSERT INTO comments (id, content, date_of_creation, user_id, task_id) VALUES (6, 'Check the logic.', '2025-07-31 16:00:00', 3, 13);
INSERT INTO comments (id, content, date_of_creation, user_id, task_id) VALUES (7, 'Can you simplify this?', '2025-07-29 03:00:00', 15, 20);
INSERT INTO comments (id, content, date_of_creation, user_id, task_id) VALUES (8, 'Check the logic.', '2025-07-27 02:00:00', 8, 2);
INSERT INTO comments (id, content, date_of_creation, user_id, task_id) VALUES (9, 'Can you simplify this?', '2025-07-31 13:00:00', 2, 28);
INSERT INTO comments (id, content, date_of_creation, user_id, task_id) VALUES (10, 'Great job!', '2025-08-02 22:00:00', 9, 8);
INSERT INTO comments (id, content, date_of_creation, user_id, task_id) VALUES (11, 'Add more examples.', '2025-07-30 05:00:00', 13, 29);
INSERT INTO comments (id, content, date_of_creation, user_id, task_id) VALUES (12, 'Please clarify this section.', '2025-08-02 09:00:00', 8, 17);
INSERT INTO comments (id, content, date_of_creation, user_id, task_id) VALUES (13, 'Formatting issue here.', '2025-07-28 21:00:00', 8, 36);
INSERT INTO comments (id, content, date_of_creation, user_id, task_id) VALUES (14, 'Very helpful!', '2025-07-25 12:00:00', 18, 15);
INSERT INTO comments (id, content, date_of_creation, user_id, task_id) VALUES (15, 'This is confusing.', '2025-07-27 01:00:00', 12, 35);
INSERT INTO comments (id, content, date_of_creation, user_id, task_id) VALUES (16, 'Check the logic.', '2025-07-29 03:00:00', 20, 19);
INSERT INTO comments (id, content, date_of_creation, user_id, task_id) VALUES (17, 'Please clarify this section.', '2025-07-31 04:00:00', 15, 19);
INSERT INTO comments (id, content, date_of_creation, user_id, task_id) VALUES (18, 'Great job!', '2025-08-01 16:00:00', 9, 44);
INSERT INTO comments (id, content, date_of_creation, user_id, task_id) VALUES (19, 'Needs improvement.', '2025-07-30 06:00:00', 14, 29);
INSERT INTO comments (id, content, date_of_creation, user_id, task_id) VALUES (20, 'Check the logic.', '2025-08-01 15:00:00', 9, 26);
INSERT INTO comments (id, content, date_of_creation, user_id, task_id) VALUES (21, 'Formatting issue here.', '2025-08-02 03:00:00', 11, 34);
INSERT INTO comments (id, content, date_of_creation, user_id, task_id) VALUES (22, 'This could be optimized.', '2025-07-31 13:00:00', 11, 30);
INSERT INTO comments (id, content, date_of_creation, user_id, task_id) VALUES (23, 'Well explained.', '2025-08-01 02:00:00', 12, 13);
INSERT INTO comments (id, content, date_of_creation, user_id, task_id) VALUES (24, 'This is confusing.', '2025-07-25 19:00:00', 13, 45);
INSERT INTO comments (id, content, date_of_creation, user_id, task_id) VALUES (25, 'This could be optimized.', '2025-08-03 18:00:00', 5, 20);
INSERT INTO comments (id, content, date_of_creation, user_id, task_id) VALUES (26, 'Well explained.', '2025-08-01 13:00:00', 18, 15);
INSERT INTO comments (id, content, date_of_creation, user_id, task_id) VALUES (27, 'Very helpful!', '2025-07-28 19:00:00', 1, 17);
INSERT INTO comments (id, content, date_of_creation, user_id, task_id) VALUES (28, 'This is confusing.', '2025-07-28 05:00:00', 10, 3);
INSERT INTO comments (id, content, date_of_creation, user_id, task_id) VALUES (29, 'Please clarify this section.', '2025-07-26 06:00:00', 6, 2);
INSERT INTO comments (id, content, date_of_creation, user_id, task_id) VALUES (30, 'Add more examples.', '2025-08-04 13:00:00', 15, 46);
INSERT INTO comments (id, content, date_of_creation, user_id, task_id) VALUES (31, 'Needs improvement.', '2025-07-31 11:00:00', 14, 28);
INSERT INTO comments (id, content, date_of_creation, user_id, task_id) VALUES (32, 'Needs improvement.', '2025-07-28 19:00:00', 19, 30);
INSERT INTO comments (id, content, date_of_creation, user_id, task_id) VALUES (33, 'Very helpful!', '2025-08-02 09:00:00', 18, 36);
INSERT INTO comments (id, content, date_of_creation, user_id, task_id) VALUES (34, 'Add more examples.', '2025-07-29 13:00:00', 19, 31);
INSERT INTO comments (id, content, date_of_creation, user_id, task_id) VALUES (35, 'Needs improvement.', '2025-08-01 11:00:00', 16, 12);
INSERT INTO comments (id, content, date_of_creation, user_id, task_id) VALUES (36, 'This is confusing.', '2025-07-26 19:00:00', 19, 15);
INSERT INTO comments (id, content, date_of_creation, user_id, task_id) VALUES (37, 'Very helpful!', '2025-08-02 07:00:00', 13, 23);
INSERT INTO comments (id, content, date_of_creation, user_id, task_id) VALUES (38, 'Needs improvement.', '2025-08-03 11:00:00', 6, 41);
INSERT INTO comments (id, content, date_of_creation, user_id, task_id) VALUES (39, 'Great job!', '2025-07-25 04:00:00', 13, 42);
INSERT INTO comments (id, content, date_of_creation, user_id, task_id) VALUES (40, 'Well explained.', '2025-07-30 22:00:00', 6, 2);
INSERT INTO comments (id, content, date_of_creation, user_id, task_id) VALUES (41, 'Well explained.', '2025-07-31 13:00:00', 5, 22);
INSERT INTO comments (id, content, date_of_creation, user_id, task_id) VALUES (42, 'Redundant info.', '2025-07-31 08:00:00', 13, 27);
INSERT INTO comments (id, content, date_of_creation, user_id, task_id) VALUES (43, 'Well explained.', '2025-07-31 06:00:00', 8, 43);
INSERT INTO comments (id, content, date_of_creation, user_id, task_id) VALUES (44, 'Add more examples.', '2025-07-30 08:00:00', 4, 34);
INSERT INTO comments (id, content, date_of_creation, user_id, task_id) VALUES (45, 'Please clarify this section.', '2025-08-03 06:00:00', 2, 15);
INSERT INTO comments (id, content, date_of_creation, user_id, task_id) VALUES (46, 'Check the logic.', '2025-07-28 15:00:00', 7, 23);
INSERT INTO comments (id, content, date_of_creation, user_id, task_id) VALUES (47, 'This is confusing.', '2025-07-26 05:00:00', 15, 17);
INSERT INTO comments (id, content, date_of_creation, user_id, task_id) VALUES (48, 'Please clarify this section.', '2025-08-02 22:00:00', 13, 31);
INSERT INTO comments (id, content, date_of_creation, user_id, task_id) VALUES (49, 'Formatting issue here.', '2025-07-26 08:00:00', 3, 25);
INSERT INTO comments (id, content, date_of_creation, user_id, task_id) VALUES (50, 'Formatting issue here.', '2025-07-28 03:00:00', 10, 12);
INSERT INTO comments (id, content, date_of_creation, user_id, task_id) VALUES (51, 'This could be optimized.', '2025-08-04 10:00:00', 9, 21);
INSERT INTO comments (id, content, date_of_creation, user_id, task_id) VALUES (52, 'This could be optimized.', '2025-07-31 05:00:00', 9, 32);
INSERT INTO comments (id, content, date_of_creation, user_id, task_id) VALUES (53, 'Redundant info.', '2025-07-30 22:00:00', 17, 2);
INSERT INTO comments (id, content, date_of_creation, user_id, task_id) VALUES (54, 'Please clarify this section.', '2025-07-30 03:00:00', 1, 40);
INSERT INTO comments (id, content, date_of_creation, user_id, task_id) VALUES (55, 'Check the logic.', '2025-07-27 14:00:00', 5, 29);
INSERT INTO comments (id, content, date_of_creation, user_id, task_id) VALUES (56, 'This could be optimized.', '2025-08-01 19:00:00', 9, 40);

 SELECT setval('users_id_seq', (SELECT MAX(id) FROM users));
 SELECT setval('projects_id_seq', (SELECT MAX(id) FROM projects));
 SELECT setval('task_lists_id_seq', (SELECT MAX(id) FROM projects));
 SELECT setval('tasks_id_seq', (SELECT MAX(id) FROM tasks));
 SELECT setval('comments_id_seq', (SELECT MAX(id) FROM comments));




-- DELETE FROM task_lists t where t.id = 18;
--
-- SELECT * FROM tasks WHERE task_list_id = 10;
--
-- DELETE FROM projects p where p.id = 20;
--
-- DELETE FROM tasks t where t.id = 52;